player,position
Alberto Abalde,Forward
Alex Abrines,Forward
Tim Abromaitis,Forward
Quincy Acy,Forward
Ismet Akpinar,Guard
Eidan Alber,Guard
Andrew Albicy,Guard
Carlos Alocen,Guard
Davide Alviti,Guard
Robin Amaize,Forward
James Anderson,Forward
Danilo Andusic,Guard
Kostas Antetokounmpo,Forward
Semen Antonov,Forward
Egehan Arna,Forward
Ioannis Athinaiou,Guard
Yonatan Atias,Center
Zach Auguste,Center
Ioannis Avdalas,Forward
Neoklis Avdalas,Guard
Deni Avdija,Guard
Gustavo Ayon,Center
Dwayne Bacon,Forward
Brancou Badio,Guard
Ibou Badji,Center
Freds Bagatskis,Forward
Ron Baker,Guard
Ismael Bako,Center
Sergei Balashov,Forward
Dogus Balbay,Guard
Tommaso Baldasso,Guard
Wade Iv Baldwin,Guard
Maksim Barashkov,Forward
Billy Baron,Guard
Alejandro Barrera,Guard
Danilo Barthel,Forward
Yusuf Bayrak,Forward
Rodrigue Beaubois,Guard
Alejandro Bellver,Forward
Dragan Bender,Forward
Benjamin Bentil,Forward
Davion Berry,Guard
Dairis Bertans,Guard
Tarik Biberovic,Forward
Paul Biligha,Center
Metecan Birsen,Forward
Tarik Black,Center
Tamir Blatt,Guard
Oz Blayzer,Forward
Marek Blazevic,Center
Eleftherios Bochoridis,Guard
Leandro Bolmaro,Guard
Joel Bolomboy,Forward
Gael Bonilla,Forward
Devin Booker,Center
Jerry Boutsiele,Center
Oded Brandwein,Guard
Jarrell Brantley,Forward
Tj Bray,Guard
Lorenz Brenneke,Forward
Jeff Brooks,Forward
Derrick Brown,Forward
John Brown,Forward
Lorenzo Brown,Guard
Rion Brown,Forward
Elijah Bryant,Guard
Christian Burns,Forward
Dwight Buycks,Guard
Michael Caicedo,Guard
Nick Calathes,Guard
Angelo Caloiaro,Forward
Facundo Campazzo,Guard
Isaiah Canaan,Guard
Berkay Candan,Forward
Jaycee Carroll,Guard
Omri Casspi,Forward
Fabien Causeur,Forward
Tyler Cavanaugh,Forward
Vasilis Charalampopoulos,Forward
Will Cherry,Guard
Vasileios Christidis,Forward
Semaj Christon,Guard
Andrea Cinciarini,Guard
Sidy Cissoko,Guard
Victor Claver,Forward
Tj Cline,Forward
Will Clyburn,Forward
Jake Cohen,Forward
Sandy Cohen,Guard
Norris Cole,Guard
Quino Colom,Guard
Matthew Costello,Center
Filip Covic,Guard
Drew Crawford,Forward
Ivan Cubero,Forward
Oscar Silva Da,Forward
Hao Dai,Guard
Troy Daniels,Guard
Luigi Datome,Forward
Dejan Davidovac,Forward
Brandon Davies,Center
Nando Colo De,Guard
Gabriel Deck,Forward
Nihad Djedovic,Guard
Malcolm Delaney,Guard
Amedeo Valle Della,Guard
Malte Delow,Guard
Rudy Demahis,Guard
Andrei Desiatnikov,Center
Alpha Diallo,Forward
John Dibartolomeo,Guard
Emmanouil Dimou,Guard
Tomas Dimsa,Guard
Ilimane Diop,Center
Antoine Diot,Guard
Nikos Diplaros,Guard
Ognjen Dobric,Guard
Temoka Maxwell Dongmo,Forward
Aaron Doornekamp,Forward
Tyler Dorsey,Guard
Zoran Dragic,Guard
Bojan Dubljevic,Center
Bryant Dunston,Center
Ahmet Duverioglu,Center
Jarell Eddie,Forward
Mert Eksioglu,Guard
Octavius Ellis,Center
Steven Enoch,Center
Michael Eric,Center
Marcus Eriksson,Guard
Jeremy Evans,Forward
Keenan Evans,Guard
Ivan Evstigneev,Guard
Liman Dante Exum,Guard
Moustapha Fall,Center
Youssoupha Fall,Center
Kenneth Faried,Forward
Alonso Faure,Forward
Ibrahima Faye,Forward
Mouhammad Faye,Forward
Rudy Fernandez,Forward
Guillem Ferrando,Guard
Yogi Ferrell,Guard
Diego Flaccadori,Guard
Jehyve Floyd,Center
Simone Fontecchio,Forward
Franklee Marcus Foster,Guard
Conner Frankamp,Guard
Jimmer Fredette,Guard
Allerik Freeman,Guard
Vitaly Fridzon,Guard
Charles Galliou,Forward
Aaron Ganal,Guard
Sergi Garcia,Forward
Patricio Garino,Forward
Sediq Garuba,Forward
Usman Garuba,Center
Pau Gasol,Center
Erten Gazi,Guard
Martinas Geben,Center
Tolga Gecim,Forward
Jason George,Guard
Alexandros Giannopoulos,Guard
Rokas Giedraitis,Forward
Niels Giffey,Forward
Anthony Gill,Forward
James Gist,Center
Miguel Gonzalez,Guard
Jayson Granger,Guard
Ian Granja,Guard
Jerian Grant,Guard
Sasha Grant,Forward
Francesco Gravaghi,Guard
Rob Gray,Guard
Marius Grigonis,Guard
Petr Gubanov,Forward
Arturas Gudaitis,Center
Marko Guduric,Guard
Marko Gusic,Guard
Daniel Hackett,Guard
Devon Hall,Guard
Donta Hall,Center
Langston Hall,Guard
Johnny Hamilton,Center
Adam Hanga,Forward
Ondrej Hanzlik,Forward
Ethan Happ,Center
Aaron Harrison,Guard
Sebastian Hartmann,Guard
Kevarrius Hayes,Forward
Nigel Hayes,Forward
Sehmus Hazer,Guard
Hilmar Henningsson,Guard
Pierria Henry,Guard
Martin Hermannsson,Guard
Thomas Heurtel,Guard
Mario Hezonja,Forward
Cory Higgins,Guard
Darrun Hilliard,Guard
Kyle Hines,Center
James Austin Hollins,Guard
Kymany Houinsou,Guard
William Howard,Forward
Joshua Huestis,Forward
Othello Hunter,Center
Omercan Ilyasoglu,Guard
Nikola Ivanovic,Guard
Colton Iverson,Center
Vladimir Ivlev,Center
Aaron Jackson,Guard
Edwin Jackson,Forward
Pierre Jackson,Guard
Marko Jagodic-Kuridza,Forward
Mike James,Guard
Paulius Jankunas,Forward
Matthew Janning,Guard
Ognjen Jaramaz,Guard
Livio Jean-Charles,Forward
Tonye Jekiri,Center
Charles Jenkins,Guard
Jonas Jerebko,Center
Millan Jimenez,Guard
Jajuan Johnson,Forward
Wesley Johnson,Forward
Rokas Jokubaitis,Guard
Chris Jones,Guard
Nikola Jovanovic,Center
Stefan Jovic,Guard
Dmitrii Kadoshnikov,Forward
Charles Kahudi,Forward
Georgios Kalaitzakis,Guard
Nikola Kalinic,Forward
Mantas Kalnietis,Guard
Sergey Karasev,Guard
Maksim Karvanen,Forward
Leonidas Kaselakis,Forward
Vasilis Kavvadas,Center
Alexander Khomenko,Guard
Dmitry Khvostov,Guard
Alex King,Forward
Urban Klavzar,Guard
Artem Klimenko,Center
Marcos Knight,Forward
Daniil Kochergin,Forward
Iosif Koloveros,Guard
Artem Komolov,Guard
Antonios Koniaris,Guard
Petteri Koponen,Guard
Konstantin Kostadinov,Forward
Kosta Koufos,Center
Khalifa Koumadje,Center
David Kraemer,Guard
Chris Kramer,Guard
Kerr Kriisa,Guard
Dmitry Kulagin,Guard
Mikhail Kulagin,Guard
Nikita Kurbanov,Forward
Kyle Kuric,Forward
Mustafa Kurtuldum,Forward
Arturs Kurucs,Guard
Ognjen Kuzmic,Center
Mindaugas Kuzminskas,Forward
Louis Labeyrie,Forward
Paul Lacombe,Guard
Ben Lammers,Center
Jock Landale,Center
Nicolas Laprovittola,Guard
Giannoulis Larentzakis,Guard
Shane Larkin,Guard
Joffrey Lauvergne,Center
Stefan Lazarevic,Forward
Branko Lazic,Guard
Zach Leday,Center
Paris Lee,Guard
Lukas Lekavicius,Guard
Mathias Lessort,Center
David Lighty,Forward
Sergio Llull,Guard
Maodo Lo,Guard
Rihards Lomazs,Forward
Andrei Lopatin,Forward
Tomas Lautaro Lopez,Guard
Michalis Lountzis,Guard
Jordan Loyd,Guard
Kalin Lucas,Guard
Vladimir Lucic,Forward
Karolis Lukosiunas,Forward
Iffe Lundberg,Guard
Shelvin Mack,Guard
an,Guard
Melih Mahmutoglu,Guard
Theo Maledon,Guard
Eleftherios Mantzoukas,Forward
Juani Marcos,Guard
Vanja Marinkovic,Forward
Stefan Markovic,Guard
Matt Marsh,Center
Hassan Martin,Center
Sergi Martinez,Forward
Makai Mason,Guard
Jonas Mattisseck,Guard
J O Mayo,Guard
Errick Mccollum,Guard
Shaquielle Mckissic,Guard
Salah Mejri,Center
Nicolo Melli,Forward
Vasilije Micic,Guard
Jordan Mickey,Center
Vladimir Micov,Forward
Arturas Milaknis,Guard
Baba Miller,Forward
Nikola Milutinov,Center
Regimantas Miniotas,Forward
Nikola Mirotic,Forward
Konstantinos Mitoglou,Forward
Luka Mitrovic,Forward
Adrien Moerman,Forward
Sergey Monya,Forward
Gregory Monroe,Center
Riccardo Moraschini,Guard
Davide Moretti,Guard
Raymar Morgan,Forward
Donatas Motiejunas,Center
Brock Motum,Forward
Timofey Mozgov,Center
Emmanuel Mudiay,Guard
Ali Muhammed,Guard
Zayd Muosa,Guard
Paulius Murauskas,Forward
Dzanan Musa,Forward
Mario Nakic,Forward
Shabazz Napier,Guard
Eli Ndiaye,Forward
Elwin Ndjock,Forward
Maurice Ndour,Forward
Josh Nebo,Center
Nemanja Nedovic,Guard
Demarcus Nelson,Guard
Nemanja Nenadic,Forward
Kresimir Nikic,Center
Alexandros Nikolaidis,Guard
James Nnaji,Center
Landry Nnoko,Center
Amine Noua,Center
Juan Nunez,Guard
William James  Nunnally,Forward
Johnny O'Bryant,Forward
Brandon Kyle O'Quinn,Center
Joshua Obiesie,Guard
Andreas Obst,Guard
Vladislav Odinokov,Forward
Kenneth Ogbe,Guard
Marvin Ogunsipe,Forward
Sotirios Oikonomopoulos,Forward
Michael Ojo,Center
Elie Okobo,Guard
Louis Olinde,Forward
Yigit Onan,Forward
Inaki Ordonez,Forward
Pierre Oriola,Center
Alejandro Ortega,Guard
Dylan Osetkowski,Forward
Yakuba Ouattara,Guard
Efe Oztekin,Forward
Kevin Pangos,Guard
Konstantinos Papadakis,Guard
Georgios Papagiannis,Center
Kostas Papanikolaou,Forward
Ioannis Papapetrou,Forward
Nikos Pappas,Guard
Evangelos Ioannis Patas,Guard
Brandon Paul,Guard
Tomas Pavelka,Center
Adreian Payne,Center
Ajdin Penava,Center
Stefan Peno,Guard
Alex Perez,Guard
Stratos Perperoglou,Forward
Kendrick Perry,Guard
Nikolaos Persidis,Forward
Alec Peters,Center
Lamar Peters,Guard
Filip Petrusev,Center
Dyshawn Pierre,Forward
Tibor Pleiss,Center
Vincent Poirier,Center
Aleksej Pokusevski,Guard
Achille Polonara,Center
Mateusz Ponitka,Forward
Anton Ponkrashov,Forward
Alex Poythress,Forward
Jaime Pradilla,Center
Klemen Prepelic,Guard
Georgios Printezis,Forward
Josep Puerto,Guard
Kevin Punter,Guard
Anton Pushkov,Center
Artem Pustovyi,Center
Joseba Querejeta,Guard
Aleksa Radanov,Guard
Bogdan Radosavljevic,Center
Leon Radosevic,Center
Sander Raieste,Forward
Anthony Randolph,Forward
Michael Rataj,Forward
Andy Rautins,Guard
Duop Reath,Center
Willie Reed,Center
Alex Renfroe,Guard
Felipe Reyes,Forward
Jalen Reynolds,Center
Pau Ribas,Guard
Giampaolo Ricci,Forward
Tyrese Rice,Guard
Zaccharie Risacher,Forward
Kelvin Rivers,Guard
Thomas Robinson,Center
Taylor Rochestie,Guard
Sergio Rodriguez,Guard
Michael Roll,Guard
Augustine Rubit,Forward
Mantas Rubstavicius,Guard
Matej Rudan,Forward
Dori Sahar,Forward
Fernando Emeterio San,Forward
Ekrem Sancakli,Guard
Sertac Sanli,Center
Howard Sant-Roos,Guard
Nikola Saranovic,Forward
Joan Sastre,Guard
Pavel Savkov,Forward
Yigitcan Saybir,Forward
Gavin Schilling,Forward
Tim Schneider,Forward
Rikus Schulte,Forward
Luis Scola,Forward
Tadas Sedekerskis,Forward
 D.J. Seeley ,Guard
Vladislav Sharapov,Forward
Alexander Shashkov,Forward
Marial Shayok,Guard
Tornike Shengelia,Forward
Konstantin Shevchuk,Guard
Shavon Shields,Forward
Alexey Shved,Guard
Antonios Sigalas,Guard
Lucas Sigismonti,Forward
Luke Sikma,Forward
Mohamed Sillah,Center
Borisa Simanic,Forward
Teodor Simic,Center
Krunoslav Simon,Guard
Marko Simonovic,Forward
Chris Singleton,Forward
Kenan Sipahi,Guard
Mark Zan Sisko,Guard
Peyton Siva,Guard
Christian Skladanowski,Forward
Kostas Sloukas,Guard
Jaleen Smith,Guard
Rolands Smits,Forward
Roman Sorkin,Forward
Pape Sow,Forward
Matteo Spagnolo,Guard
Vassilis Spanoulis,Guard
Marco Spissu,Guard
Nikolas Stauskas,Guard
Vladimir Stimac,Center
Amar'E Stoudemire,Center
Matthew Strazel,Guard
Janis Strelnieks,Guard
Keifer Sykes,Guard
Kaleb Tarczewski,Center
Walter Tavares,Center
Jeffery Taylor,Forward
Jordan Taylor,Guard
Kameron Taylor,Guard
Pau Tendero,Forward
Emanuel Terry,Center
Johannes Thiemann,Center
Deshaun Thomas,Forward
William James Nunnally,Center
Will Thomas,Forward
Trey Thompkins,Forward
Christoph Tilly,Forward
Janis Timma,Forward
Ergi Tirpanci,Guard
Boris Tisma,Forward
Mike Tobey,Center
Ante Tomic,Center
Andrei Toptunov,Guard
Armel Traore,Forward
Vladislav Trushkin,Forward
Bugrahan Tuncer,Guard
Alex Tyus,Center
Agustin Ubal,Guard
Ivan Ukhov,Guard
Edgaras Ulanovas,Forward
Ege Ulker,Forward
Yury Umrikhin,Guard
Aleksa Uskokovic,Guard
Dmitrii Uzinskii,Forward
Evgeny Valiev,Forward
Sam Rossom Van,Guard
Steve Vasturia,Guard
Erikas Venskus,Center
Jan Vesely,Center
Sasha Vezenkov,Forward
Egor Vyaltsev,Forward
Bonany Rafael Vila,Forward
Luca Vildoza,Guard
Rafa Villar,Guard
Guillem Vives,Guard
Johannes Voigtmann,Forward
Igor Volkhin,Forward
Evgeny Voronov,Guard
Andrey Vorontsevich,Forward
Ian Vougioukas,Center
Aleksa Vucetic,Guard
Milutin Vujicic,Guard
Tristan Vukcevic,Center
Corey Walden,Guard
Thomas Walkup,Guard
Derrick Jr Walton,Guard
Lennart Weber,Forward
Tai Webster,Guard
Nick Weiler-Babb,Guard
Victor Wembanyama,Forward
Leo Westermann,Guard
Aaron White,Forward
Okaro White,Forward
Scottie Wilbekin,Guard
Jacob Wiley,Forward
Derrick Williams,Forward
Nigel Williams-Goss,Guard
Nate Wolters,Guard
Luis Wulff,Guard
Guerschon Yabusele,Forward
Viacheslav Zaitcev,Guard
Denis Zakharov,Guard
Lukas Zerner,Forward
Georgy Zhbanov,Forward
Paul Zipser,Forward
Maik Zirbes,Center
Iftah Ziv,Guard
Ante Zizic,Center
Yovel Zoosman,Forward
Andrey Zubkov,Forward
Vyacheslav Zaytsev,Forward
Torrian Walden,Forward
Alexander Tyus-Cecchini,Forward
Trey Kell,Guard
Tyson Carter,Guard
Motiejus Krivas,Guard
Khyri Thomas,Guard
Nikos Chougkaz,Guard
Markel Starks,Guard
Nikola Topic,Guard
Jonah Radebaugh,Forward
Johnathan Motley,Center
Freddie Gillespie,Center
Niklas Wimberg,Forward
Petr Cornelie,Center
Carsen Edwards,Guard
James Iii Webb,Forward
Xabi Lopez-Arostegui,Forward
Stefano Tonut,Guard
Yves Pons,Forward
Retin Obasohan,Forward
Jared Harper,Guard
Jonah Mathews,Guard
Anthony Polite,Forward
Andrew Andrews,Guard
Darius Thompson,Guard
Rafi Menco,Forward
Jarell Martin,Forward
Cassius Winston,Guard
Daulton Hommes,Center
Maik Kotsar,Center
Daniel Diez,Forward
Markus Howard,Guard
Kyle Alexander,Forward
Arnas Butkevicius,Forward
Ignas Brazdeikis,Forward
Panagiotis Kalaitzakis,Guard
Bonzie Colson,Forward
Jasiel Rivero,Center
Laurynas Birutis,Center
Jaron Blossomgame,Forward
Semi Ojeleye,Forward
Kyle Weems,Forward
Yam Madar,Guard
Gabriele Procida,Guard
Jaylen Adams,Guard
Balsa Koprivica,Center
Mam Jaiteh,Center
Uros Trifunovic,Forward
Alessandro Pajola,Forward
Isaia Cordinier,Forward
Amath M'Baye,Forward
Marco Belinelli,Guard
Niccolo Mannion,Guard
Tomas Satoransky,Guard
Milos Teodosic,Guard
John Holland,Forward
Miroslav Raduljica,Center
Yanni Wetzell,Center
Oriol Pauli,Center
Jalen Adams,Guard
Nils Machowski,Guard
Elias Rapieque,Guard
Isaac Bonga,Forward
Elias Harris,Forward
Parker Jackson-Cartwright,Guard
Isaiah Taylor,Guard
Naz Mitrou-Long,Guard
Gregor Glas,Guard
Dordije Jovanovic,Center
Alen Smailagic,Center
Timothe Luwawu-Cabarrot,Forward
Vladimir Brodziansky,Center
Dovydas Giedraitis,Guard
Yoan Makoundou,Forward
Liutauras Lelevicius,Guard
George Papas,Forward
Samet Geyik,Forward
Kajus Kublickas,Forward
Aleksa Avramovic,Guard
Dalibor Ilic,Center
Sergio Larrea De,Guard
Lucas Marí,Guard
Demarquis Bost,Guard
Alexandros Samontourov,Forward
Chima Moneke,Forward
Suleiman Braimoh,Guard
Max Heidegger,Guard
Shannon Evans,Guard
Panagiotis Tsamis,Forward
Veniamin Abosi,Guard
Matt Thomas,Forward
Dimitris Agravanis,Forward
Awudu Abass,Forward
Nemanja Bjelica,Forward
Anthony Zylan Cheatham,Guard
Gora Camara,Guard
Leo Menalo,Guard
Furkan Haltali,Forward
Ziga Samar,Guard
Dario Brizuela,Guard
Justin Bean,Guard
Justus Hollatz,Guard
Derek Willis,Forward
Erkan Yilmaz,Forward
Brady Manek,Forward
Jabari Parker,Forward
Sylvain Francisco,Guard
Joel Parra,Forward
Sterling Brown,Guard
Danko Brankovic,Center
Noam Yaacov,Forward
Antonius Cleveland,Guard
Willy Hernangomez,Center
Serge Ibaka,Center
Perry Jr Dozier,Guard
Mike Scott,Forward
Frank Kaminsky,Center
Tyrique Jones,Center
John Egbunu,Center
Devontae Cacok,Forward
Mbaye Ndiaye,Forward
Frank Jackson,Forward
Juancho Hernangomez,Center
Aleksander Balcerowski,Center
Giordano Bortolani,Forward
Kyle Guy,Guard
Nathan Sestina,Forward
Nikolaos Rogkavopoulos,Forward
Ismaila Diagne,Center
Khalifa Diop,Center
Codi Miller-Mcintyre,Guard
Kassius Robertson,Forward
Terry Tarpey,Forward
Boubacar Toure,Forward
Damien Inglis,Forward
Nathan Reuvers,Center
Dimitris Moraitis,Forward
Melih Tunca,Forward
Danielius Lavrinovicius,Forward
Ismael Kamagate,Center
Ercan Osmani,Forward
Nelson Weidemann,Guard
Lucas Mari,Guard
Kemba Walker,Guard
Yago Santos Dos,Guard
Georgios Tanoulis,Guard
Omer Mayer,Forward
Boris Dallo,Guard
Dovydas Butka,Guard
Chiozza Chris,Guard
Dame Sarr,Forward
Kendrick Nunn,Guard
Bruno Caboclo,Center
Ivan Kharchenkov,Guard
Nedas Montvila,Guard
Hugo González,Forward
Mike Daum,Forward
Edmond Sumner,Forward
Dan Oturu,Center
Dino Radoncic,Forward
Bruno Mascolo,Guard
Burakcan Yildizli,Forward
Guglielmo Caruso,Guard
Justin Anderson,Forward
Kasparas Jakucionis,Guard
Ridvan Oncel,Center
Javonte Smart,Guard
Hamza Mestoglu,Guard
Rodney Mcgruder,Forward
Jordan Theodore,Guard
Moses Wright,Center
Vit Hrabar,Forward
Joe Thomasson,Guard
Ricky Rubio,Guard
Malcom Thomas,Guard
Daryl Jr Macon,Forward
